{
 "image_height": 1080,
 "image_width": 1920,
 "world_view_transform": [
  [
   0.9969653487205505,
   0.055292703211307526,
   0.05479804426431656,
   0.0
  ],
  [
   -0.02964850328862667,
   0.9205638766288757,
   -0.38946521282196045,
   0.0
  ],
  [
   -0.07197968661785126,
   0.386658638715744,
   0.9194095730781555,
   0.0
  ],
  [
   -1.0025302171707153,
   -0.004312306642532349,
   0.4520743489265442,
   1.0
  ]
 ],
 "projection_matrix": [
  [
   2.0206849575042725,
   0.0,
   0.0,
   0.0
  ],
  [
   0.0,
   3.5923290252685547,
   0.0,
   0.0
  ],
  [
   0.0,
   0.0,
   1.000100016593933,
   1.0
  ],
  [
   0.0,
   0.0,
   -0.010001000016927719,
   0.0
  ]
 ],
 "full_proj_transform": [
  [
   2.0145528316497803,
   0.19862958788871765,
   0.054803524166345596,
   0.05479804426431656
  ],
  [
   -0.05991028621792793,
   3.3069684505462646,
   -0.38950416445732117,
   -0.38946521282196045
  ],
  [
   -0.14544826745986938,
   1.3890050649642944,
   0.919501543045044,
   0.9194095730781555
  ],
  [
   -2.0257978439331055,
   -0.015491223894059658,
   0.4421185553073883,
   0.4520743489265442
  ]
 ],
 "camera_center": [
  0.9749535918235779,
  0.15031345188617706,
  -0.48613592982292175
 ],
 "focal_y": 1939.8576660156252,
 "focal_x": 1939.857666015625,
 "FoVx": 0.9190891342884705,
 "FoVy": 0.5429948744375549
}